county_name,year,n_schools,total_enrollment,n_enrollment_observed,lunch_covered_enrollment,lunch_share,poverty_rate,poverty_group,n_ela_schools,n_math_schools,mean_ela,mean_math,ela_z,math_z,lunch_enrollment_coverage
ALBANY,2009,62,25830,62,25830,0.3714529616724739,0.11835114851797104,medium,61,61,671.2773224043716,685.5969945355191,0.13670787875048154,0.025589863720112686,1
ALBANY,2010,62,26620,62,26620,0.3658226897069871,0.11940519419008526,medium,62,62,670.6532258064516,685.9086021505376,0.19683896914271426,0.10321832307139014,1
ALBANY,2011,63,26316,63,26316,0.37102941176470583,0.1207243129784805,medium,63,63,667.2883597883598,685.0396825396825,0.2205191499608018,0.08998250321740778,1
ALBANY,2012,60,25212,60,25212,0.3832337775662382,0.12375250811957532,medium,60,60,668.3930555555555,685.2472222222223,0.16125932936902143,0.004404752315652147,1
ALBANY,2013,60,25688,60,25688,0.4022971815633759,0.12297275606903849,medium,60,60,299.3152777777778,300.0736111111111,0.032599216299039585,0.05376197106437483,1
ALBANY,2014,59,25663,59,25663,0.4118575380898572,0.12861781500307065,medium,59,59,297.75734463276837,303.75649717514125,0.05339144133891181,0.06696503021418058,1
ALBANY,2015,59,26000,59,26000,0.4038842307692309,0.1279796268168853,medium,59,59,297.7189265536723,305.114406779661,0.030927821386003796,0.06851762110305888,1
ALBANY,2016,58,25895,58,25895,0.40726665379416876,0.12260507777102936,low,58,58,302.8261494252873,304.35201149425285,-0.05073225083020196,0.006257992169137877,1
ALLEGANY,2009,16,5791,16,5791,0.48346572267311344,0.1521532262962888,high,16,16,667.484375,680.296875,-0.14506437141004463,-0.29317049872385065,1
ALLEGANY,2010,15,5861,15,5861,0.49258488312574644,0.14919051013135118,high,15,15,668.6666666666666,681.8444444444444,0.03366448163171829,-0.15798218116275073,1
ALLEGANY,2011,15,5796,15,5796,0.5097498274672188,0.14839460309036354,high,15,15,664.3777777777777,682.5666666666667,-0.06882621865861925,-0.08261426376451231,1
ALLEGANY,2012,15,5293,15,5293,0.5174230115246552,0.15289636955586952,high,15,15,665.8111111111111,682.4222222222222,-0.09408101456708623,-0.18806454557967736,1
ALLEGANY,2013,14,5483,14,5483,0.5135090279044319,0.14745567485293512,high,14,14,295.92857142857144,297.1011904761905,-0.18841100697546967,-0.12243756700508895,1
ALLEGANY,2014,14,5509,14,5509,0.5171337810854966,0.15245830491660983,high,14,14,294.7083333333333,300.82738095238096,-0.14141408037522815,-0.09270038760302532,1
ALLEGANY,2015,14,5671,14,5671,0.5534632339975313,0.1515498231745371,high,14,14,294.3452380952381,303.8095238095238,-0.1704123029944607,0.0015342977182725823,1
ALLEGANY,2016,14,5569,14,5569,0.5717220326809122,0.15270440251572326,high,14,14,299.8571428571429,302.20238095238096,-0.2332180884327898,-0.09940686750088729,1
BRONX,2009,271,155511,271,155511,0.8728505379040706,0.2710533039842088,high,256,256,655.6598307291666,672.8092447916666,-1.0234916447424796,-0.7434923646854887,1
BRONX,2010,282,157078,282,157078,0.8691049032964512,0.2758095517033078,high,264,264,656.2729797979798,672.43125,-0.9843437229408715,-0.7629614445551753,1
BRONX,2011,287,160050,287,160050,0.8670989065916901,0.27730317264819476,high,273,273,655.9924908424908,672.9827228327229,-0.9024203006838334,-0.7514970391337416,1
BRONX,2012,286,157658,286,157658,0.8559728653160639,0.28551808904443565,high,276,276,657.7098429951691,674.4621376811594,-0.8952526243955674,-0.7303908757764317,1
BRONX,2013,296,164100,296,164100,0.8557773308957952,0.2901743701312875,high,286,286,286.837296037296,287.63234265734263,-0.7816909069427886,-0.6837331629682698,1
BRONX,2014,308,166750,308,166750,0.8611917841079457,0.2968237775951034,high,289,289,286.81649365628607,290.7096885813149,-0.6456345618986707,-0.6442133549682755,1
BRONX,2015,308,172255,308,172255,0.852961655684886,0.29934673194446487,high,296,296,288.0301238738739,290.5461148648649,-0.5472953194530782,-0.6793138939255636,1
BRONX,2016,321,178274,321,178274,0.8422198974612114,0.2976889374541076,high,302,302,295.79271523178807,291.00761589403976,-0.4830324497568529,-0.6496843481597019,1
BROOME,2009,43,20242,43,20242,0.4040870467345123,0.1427803021377088,high,41,41,670.9764227642277,685.5032520325203,0.11435450559847513,0.01995199196419291,1
BROOME,2010,43,19934,43,19934,0.41525885421892256,0.14714846317802435,high,41,40,670.1638211382113,685.6566666666666,0.15663963436014455,0.08702661000796456,1
BROOME,2011,43,19580,43,19580,0.43900766087844734,0.1539850734355045,high,41,41,665.2650406504065,684.0491869918699,0.019377928144222234,0.02085382065300498,1
BROOME,2012,41,19072,41,19072,0.48993812919463087,0.15658136929294547,high,40,40,667.5008333333333,685.4429166666666,0.07302337619820096,0.017737556678214857,1
BROOME,2013,41,19220,41,19220,0.4712752341311132,0.16521992192596013,high,40,40,297.1745833333333,297.39,-0.10709856329736374,-0.10531747838524294,1
BROOME,2014,41,18921,41,18921,0.49361080281169073,0.16864942629918964,high,40,40,295.18958333333336,304.25958333333335,-0.11066635656643116,0.09438813518408108,1
BROOME,2015,41,19088,41,19088,0.5273685037720032,0.16969302297405764,high,40,40,293.9033333333333,303.98375,-0.19678496923866923,0.010477819494435464,1
BROOME,2016,41,18560,41,18560,0.5377882543103446,0.16528439920762383,high,39,39,297.69316239316237,302.4739316239316,-0.36622412208798194,-0.08605882324686569,1
CATTARAUGUS,2009,28,10247,28,10247,0.4525666048599589,0.15065526640032856,high,26,26,666.5448717948718,678.8205128205128,-0.21485862477535422,-0.38196203262758555,1
CATTARAUGUS,2010,26,9879,26,9879,0.4852009312683471,0.15332524512231355,high,24,24,666.9930555555555,679.4097222222222,-0.10380468798878767,-0.314460034165616,1
CATTARAUGUS,2011,25,9727,25,9727,0.48686439806723547,0.16090111583289843,high,23,23,663.7934782608696,679.6485507246376,-0.1269123191324369,-0.28627546253327973,1
CATTARAUGUS,2012,25,8833,25,8833,0.5026333069172422,0.16603048674001447,high,23,23,665.1086956521739,682.0289855072464,-0.16354610521106902,-0.21485604803563038,1
CATTARAUGUS,2013,20,8616,20,8616,0.5078667595171774,0.1735875086223114,high,18,18,297.01851851851853,296.7962962962963,-0.11728306588218317,-0.14051112396613347,1
CATTARAUGUS,2014,21,8797,21,8797,0.5115118790496762,0.17126591684824363,high,21,21,292.8769841269841,301.5253968253968,-0.2584214977140028,-0.05465171096052059,1
CATTARAUGUS,2015,21,9146,21,9146,0.5608080034987972,0.17671791494642994,high,21,21,289.35714285714283,302.9047619047619,-0.46809945699024186,-0.0449096828070684,1
CATTARAUGUS,2016,21,9051,21,9051,0.5444072478179207,0.16896797696991311,high,20,20,300.29583333333335,306.5883333333333,-0.2062545916676319,0.11618415329340037,1
CAYUGA,2009,16,6202,16,6202,0.36622541115769114,0.11487111533365002,medium,16,16,669.3385416666666,687.1197916666666,-0.007321171164991355,0.11717409350969069,1
CAYUGA,2010,16,6217,16,6217,0.40533697925044226,0.11305342467456578,medium,16,16,667.7864583333334,685.4791666666666,-0.03863517500479329,0.07561881216782464,1
CAYUGA,2011,16,6131,16,6131,0.39065894633828097,0.11637823549947632,medium,16,16,664.734375,684.1614583333334,-0.03337634837926539,0.02868946407638393,1
CAYUGA,2012,14,5298,14,5298,0.42737259343148365,0.11521826091304566,medium,14,14,666.077380952381,685.0178571428571,-0.06774836709438486,-0.011222056812526091,1
CAYUGA,2013,14,5600,14,5600,0.42652678571428565,0.12011232715283264,medium,14,14,294.32142857142856,297.79761904761904,-0.2932901919613228,-0.08115458331749682,1
CAYUGA,2014,14,5507,14,5507,0.4381314690394045,0.11776399391049432,low,14,14,292.6011904761905,302.05357142857144,-0.27604233304454395,-0.02586104091437287,1
CAYUGA,2015,14,5519,14,5519,0.48717340097843814,0.11380142220201332,low,14,14,290.9761904761905,303.8392857142857,-0.3714754642851672,0.003062060235553586,1
CAYUGA,2016,15,5727,15,5727,0.4890780513357779,0.10781513778353198,low,15,15,296.2611111111111,306.76666666666665,-0.45424315192068027,0.12495010924448459,1
CHAUTAUQUA,2009,38,13363,38,13363,0.49085834019307034,0.15508882889064574,high,36,36,667.2407407407408,683.4467592592592,-0.1631635871725809,-0.10372981886573643,1
CHAUTAUQUA,2010,38,13505,38,13505,0.5145405405405405,0.1634149767490001,high,36,36,668.4467592592592,683.7893518518518,0.015601451045344527,-0.03298437540784806,1
CHAUTAUQUA,2011,37,13456,37,13456,0.5109579369797861,0.16899968893036485,high,35,35,664.5690476190476,682.4,-0.04981179387114034,-0.09424626667407665,1
CHAUTAUQUA,2012,35,12058,35,12058,0.5458019572068337,0.18231933372461903,high,33,33,664.4722222222222,681.5757575757576,-0.22648988576364698,-0.24573479556136607,1
CHAUTAUQUA,2013,33,12029,33,12029,0.5610840468866906,0.18178836578311816,high,31,31,293.4489247311828,294.5779569892473,-0.3502281867732366,-0.27201013073231484,1
CHAUTAUQUA,2014,35,13065,35,13065,0.5049774205893609,0.1849935607535416,high,34,34,291.81617647058823,297.921568627451,-0.3261979565880147,-0.2510955155782182,1
CHAUTAUQUA,2015,35,13756,35,13756,0.561669089851701,0.1801335886494881,high,34,34,290.453431372549,301.05882352941177,-0.40267347923081526,-0.13966690623183572,1
CHAUTAUQUA,2016,35,13445,35,13445,0.5709616957976944,0.1852779548835656,high,34,34,297.4485294117647,300.4387254901961,-0.38126014625665683,-0.18609916335734467,1
CHEMUNG,2009,18,8593,18,8593,0.4412300709880135,0.1472873492814283,high,18,18,667.3148148148148,683.0277777777778,-0.15766073772459024,-0.12892824844818618,1
CHEMUNG,2010,18,8692,18,8692,0.49292452830188677,0.14262524236821933,high,18,18,668.6296296296297,683.0092592592592,0.030622287006645002,-0.08312036748045284,1
CHEMUNG,2011,18,8695,18,8695,0.4797343300747555,0.154207661358488,high,18,18,663.0555555555555,680.1666666666666,-0.20027033357953034,-0.25011510566224227,1
CHEMUNG,2012,19,9141,19,9141,0.48182474565146044,0.14982146678831706,high,18,18,664.7037037037037,679.9814814814815,-0.2035976189592616,-0.3543539815849516,1
CHEMUNG,2013,18,8634,18,8634,0.4592668519805421,0.14657500337548943,medium,14,14,295.375,296.73809523809524,-0.22453605958170794,-0.14396117388494456,1
CHEMUNG,2014,18,8338,18,8338,0.5189745742384264,0.14991937393579233,medium,14,14,296.5952380952381,297.9642857142857,-0.020857142250445295,-0.24876701749254862,1
CHEMUNG,2015,18,9080,18,9080,0.49605837004405284,0.14777889811594366,medium,14,14,293.3452380952381,300.64285714285717,-0.23009182790053617,-0.16101963412042142,1
CHEMUNG,2016,19,9054,19,9054,0.5307808703335544,0.1502017277928472,high,15,15,298.6666666666667,299.1222222222222,-0.30638904301937914,-0.25081174087052527,1
CHENANGO,2009,16,5416,16,5416,0.5084785819793205,0.122223094434414,medium,13,13,664.6153846153846,677.6474358974359,-0.3581972704927638,-0.45251335183250696,1
CHENANGO,2010,16,5371,16,5371,0.5357065723328989,0.1333921050053874,medium,13,13,664.4615384615385,677.3589743589744,-0.31174161579969795,-0.4462601301939636,1
CHENANGO,2011,16,5300,16,5300,0.5607867924528303,0.1364495550129952,medium,13,13,662.7628205128206,677.3782051282051,-0.22937156781379747,-0.44472746203380376,1
CHENANGO,2012,14,4795,14,4795,0.5013347236704901,0.1436918201624084,medium,11,11,663.5984848484849,679.1287878787879,-0.31289778737437834,-0.412448614870006,1
CHENANGO,2013,14,5121,14,5121,0.579144698301113,0.15275034416711558,high,12,12,292.90972222222223,291.69444444444446,-0.3854155501309951,-0.44293936344009877,1
CHENANGO,2014,15,5281,15,5281,0.5700549138420754,0.1619274885698243,high,13,13,288.0064102564103,291.87179487179486,-0.5696091551950401,-0.5808672217640979,1
CHENANGO,2015,16,5664,16,5664,0.555948093220339,0.1562291872691679,high,13,13,286.3269230769231,296.0128205128205,-0.6489415338347512,-0.39869247373188377,1
CHENANGO,2016,16,5576,16,5576,0.5516588952654232,0.15152375928255488,high,13,13,293.0064102564103,298,-0.6542887894037698,-0.3059744543321761,1
CLINTON,2009,21,7610,21,7610,0.4166097240473061,0.11913644425417404,medium,19,19,669.9298245614035,680.7631578947369,0.036604328972291156,-0.26512726242858164,1
CLINTON,2010,21,7446,21,7446,0.4272535589578297,0.12124302015052198,medium,19,19,668.4561403508771,681.2982456140351,0.016372006920774822,-0.19308598869982738,1
CLINTON,2011,21,7337,21,7337,0.4116246422243424,0.12473105208776517,medium,19,19,665.2368421052631,681.5087719298245,0.01657466803701072,-0.156446871706275,1
CLINTON,2012,21,7156,21,7156,0.41881218557853556,0.12874448533892316,medium,19,19,666.969298245614,683.2675438596491,0.020457430248284537,-0.13047216963231908,1
CLINTON,2013,20,7027,20,7027,0.4687206489255727,0.13091064557503207,medium,19,19,294.85526315789474,295.4605263157895,-0.2584531293461388,-0.21969307108602465,1
CLINTON,2014,20,7894,20,7894,0.4405143146693692,0.1377017927629569,medium,19,19,290.4780701754386,298.92105263157896,-0.4116914065414149,-0.1966138839240393,1
CLINTON,2015,20,7916,20,7916,0.4795490146538656,0.14890126706249618,high,19,19,291.7368421052632,302.82894736842104,-0.32608013644307715,-0.04880145679845806,1
CLINTON,2016,19,7053,19,7053,0.5176378845881185,0.14557389117232072,medium,18,18,298.72685185185185,302.56944444444446,-0.30268984475972416,-0.08136390075688887,1
COLUMBIA,2009,13,5511,13,5511,0.352718199963709,0.08770914701769612,low,11,11,667.4848484848485,679.1969696969697,-0.1450291969462433,-0.3593211224406113,1
COLUMBIA,2010,12,5046,12,5046,0.37976813317479197,0.08907196280893724,low,10,10,669.6083333333333,681.2166666666667,0.11101227997421015,-0.1983290092045611,1
COLUMBIA,2011,12,5003,12,5003,0.37672596442134715,0.08949329950043612,low,10,10,664.95,681.2666666666667,-0.011940740352510316,-0.1733438864591155,1
COLUMBIA,2012,11,4859,11,4859,0.40029018316526027,0.09432101906776293,low,10,10,666.0166666666667,681.6,-0.07375268164479272,-0.24408314162394326,1
COLUMBIA,2013,11,4668,11,4668,0.4055805484147387,0.094313431406963,low,10,10,295.55,295.68333333333334,-0.21311588166102619,-0.20648548764085306,1
COLUMBIA,2014,10,4374,10,4374,0.44296067672610884,0.10008796481407436,low,9,9,296.3240740740741,300.6111111111111,-0.03818218418215266,-0.10448920441380694,1
COLUMBIA,2015,10,4411,10,4411,0.4703627295397869,0.11362649730685746,low,9,9,296.81481481481484,304.35185185185185,-0.023029137651017377,0.029373525810947675,1
COLUMBIA,2016,11,4409,11,4409,0.4919142662735315,0.12293889427740058,medium,9,9,303.24074074074076,303.30555555555554,-0.02524997528557313,-0.045180437718924625,1
CORTLAND,2009,12,3754,12,3754,0.4379781566329249,0.13566494492501088,medium,11,11,670.6818181818181,684.3863636363636,0.09246878263868939,-0.047220030776515404,1
CORTLAND,2010,12,3729,12,3729,0.4549289353714133,0.13158214025721912,medium,11,11,670.5,682.3636363636364,0.18425311557285406,-0.12461408846204153,1
CORTLAND,2011,12,3685,12,3685,0.4501763907734056,0.13929734430937885,medium,11,11,666.2954545454545,681.1590909090909,0.12181293502919627,-0.180851815609835,1
CORTLAND,2012,13,3849,13,3849,0.49279553130683307,0.1387580126584838,medium,12,12,664.9722222222222,679.7361111111111,-0.1770425894661757,-0.37107124279185577,1
CORTLAND,2013,13,3862,13,3862,0.4859891248058001,0.135799963467354,medium,12,12,292.40972222222223,288.25,-0.41804462990437163,-0.6471195904533751,1
CORTLAND,2014,13,3686,13,3686,0.5299511665762345,0.12538847474152465,medium,12,12,287.59027777777777,294,-0.596196431082545,-0.46485927426265783,1
CORTLAND,2015,13,3653,13,3653,0.5405967697782645,0.13610505066982037,medium,12,12,289.3125,299.44444444444446,-0.4707637214949774,-0.22253753814960117,1
CORTLAND,2016,12,3561,12,3561,0.5531732659365347,0.12746084207501077,medium,11,11,290.969696969697,296.70454545454544,-0.7794725239464901,-0.3696523841382678,1
DELAWARE,2009,15,4851,15,4851,0.4792764378478665,0.1467939559250119,high,15,15,668.1,679.2666666666667,-0.099330533575872,-0.3551293997496481,1
DELAWARE,2010,15,4783,15,4783,0.48892954212837136,0.1291995022812111,medium,15,15,667.8777777777777,679.1555555555556,-0.031134263882345123,-0.330795143748916,1
DELAWARE,2011,15,4708,15,4708,0.4992863211554801,0.13598452546849976,medium,15,15,664.5444444444445,680.5888888888888,-0.05225763274421865,-0.22064736495801232,1
DELAWARE,2012,15,4473,15,4473,0.5325598032640286,0.13918204426239786,medium,15,15,664.15,679.5166666666667,-0.258355921155351,-0.3860221518712364,1
DELAWARE,2013,14,4557,14,4557,0.5449637919684003,0.13577309384936093,medium,14,14,297.13095238095235,297.7142857142857,-0.10994583894901726,-0.08609442751943078,1
DELAWARE,2014,14,4483,14,4483,0.5253647111309391,0.12894140567096543,medium,14,14,292.8452380952381,299.04761904761904,-0.26044979530600754,-0.18971477915597232,1
DELAWARE,2015,14,4605,14,4605,0.5539370249728556,0.14496492612097822,medium,14,14,288.85833333333335,299.56190476190477,-0.49786817238982034,-0.21650796874806605,1
DELAWARE,2016,14,4578,14,4578,0.5681017911751858,0.15032271944922548,high,14,14,295.1380952380952,294.1511904761905,-0.5232677524140292,-0.4951622753592466,1
DUTCHESS,2009,62,28308,62,28308,0.27666419386745794,0.07502044923285431,low,56,56,671.6205357142857,684.7916666666666,0.1622046695860423,-0.02284425208450213,1
DUTCHESS,2010,61,27745,61,27745,0.2855783023968282,0.07898308976471542,low,56,56,670.4077380952381,683.0833333333334,0.17667479146218004,-0.07835967980590244,1
DUTCHESS,2011,59,27274,59,27274,0.31727359389895143,0.086685846342498707,low,53,53,666.4842767295597,683.2437106918239,0.14058403450854745,-0.035361995341318966,1
DUTCHESS,2012,56,25241,56,25241,0.31289528941008676,0.0857644530106865,low,50,50,668.2176666666667,684.452,0.14391431665667556,-0.049774314155807846,1
DUTCHESS,2013,57,25568,57,25568,0.34211866395494367,0.08458731946802966,low,50,50,299.65933333333334,297.3926666666667,0.05505164863643094,-0.10515940337078088,1
DUTCHESS,2014,58,25468,58,25468,0.33906784985079325,0.08339610206195273,low,50,50,298.525,301.084,0.10243799762354365,-0.07871214529991268,1
DUTCHESS,2015,56,24319,56,24319,0.37437970311279256,0.08833454574846428,low,49,49,297.9486394557823,303.35850340136057,0.04463697824872419,-0.021617851972179504,1
DUTCHESS,2016,56,24365,56,24365,0.32947835009234555,0.08638583329109005,low,49,49,302.80578231292515,301.78469387755104,-0.05198408691532129,-0.1199382310483435,1
ERIE,2009,182,94910,182,94910,0.4486119481614162,0.1347079413695034,medium,170,170,668.3214705882353,682.3712745098039,-0.08287782296894214,-0.16841173900770556,1
ERIE,2010,176,94412,176,94412,0.4475800745667924,0.13619271343310155,high,166,166,668.1621485943775,683.5667670682731,-0.0077762568980847,-0.04728973999014572,1
ERIE,2011,170,92403,170,92403,0.4575525686395461,0.13766127296094222,medium,161,161,665.0408902691512,682.7241200828157,-0.0029052009532284802,-0.07162527219591139,1
ERIE,2012,169,88597,169,88597,0.4603305981015162,0.1374749603607013,medium,160,160,666.2925,682.9680208333333,-0.046474256520687617,-0.15087889054505785,1
ERIE,2013,167,89907,167,89907,0.4781307350929294,0.14157283813626623,medium,158,158,297.92310126582277,297.546835443038,-0.05825166063536141,-0.0960205665378559,1
ERIE,2014,165,90821,165,90821,0.47429845520309216,0.14298344509685085,medium,157,157,294.5145435244161,299.70456475583865,-0.15379557756285542,-0.15390482727661117,1
ERIE,2015,162,93172,162,93172,0.506670136951015,0.1461776680150697,medium,156,156,294.4306623931624,301.4485042735043,-0.16531422147890348,-0.1196634945116049,1
ERIE,2016,164,92984,164,92984,0.4790840359631764,0.14322508022196462,medium,154,154,300.70422077922075,301.3327922077922,-0.18115362829195084,-0.1421514093548509,1
ESSEX,2009,12,3086,12,3086,0.43012961762799745,0.11785799034988267,medium,12,12,673.9583333333334,686.5,0.3358760721422049,0.07989851604725501,1
ESSEX,2010,12,3106,12,3106,0.43582743077913716,0.11982443677694338,medium,12,12,673.8333333333334,684.4027777777778,0.45805063182946376,0.0064400693970191976,1
ESSEX,2011,12,3107,12,3107,0.4302832314129385,0.11360113829814264,medium,12,12,668.5930555555556,684.2055555555555,0.3502209334264293,0.03176709817953894,1
ESSEX,2012,12,2900,12,2900,0.45882413793103444,0.11569869495535372,medium,12,12,669.1736111111111,684.9305555555555,0.2384520530334073,-0.017169977241936057,1
ESSEX,2013,12,2940,12,2940,0.4568061224489796,0.11081901942267935,low,12,12,303.15416666666664,298.9083333333333,0.283118039892408,-0.015313517026003675,1
ESSEX,2014,12,2887,12,2887,0.47606858330446833,0.10644451269451267,low,12,12,300.26666666666665,303.49583333333334,0.2137154742649043,0.05275630715679421,1
ESSEX,2015,12,2994,12,2994,0.5217468269873079,0.1000719572368421,low,12,12,299.875,306.0652777777778,0.15960126032544483,0.11732851144472095,1
ESSEX,2016,12,2909,12,2909,0.535452045376418,0.0942535882688222,low,12,12,304.68194444444447,306.31944444444446,0.06333159534755807,0.10296694868179682,1
FRANKLIN,2009,14,4894,14,4894,0.5015488353085411,0.13068249493786477,medium,13,13,665.6538461538462,680.5769230769231,-0.281051554193028,-0.27632781698742986,1
FRANKLIN,2010,13,4694,13,4694,0.5367746058798466,0.12397237750739888,medium,12,12,665.2916666666666,680,-0.24355550357810057,-0.27652330425904614,1
FRANKLIN,2011,14,4716,14,4716,0.5469083969465648,0.14799559088008354,high,12,12,662.5069444444445,679.0555555555555,-0.2548085955477653,-0.3276617917260057,1
FRANKLIN,2012,14,4620,14,4620,0.5979978354978355,0.15435800224380053,high,13,13,663.8525641025641,678.4038461538462,-0.28777072305538565,-0.46183942011409895,1
FRANKLIN,2013,14,4909,14,4909,0.5539580362599308,0.16918879170214413,high,14,14,286.7797619047619,287.9940476190476,-0.785445478543085,-0.6622919690736014,1
FRANKLIN,2014,14,4870,14,4870,0.5699034907597537,0.17474955346742255,high,14,14,284.5595238095238,291.5297619047619,-0.789835466819249,-0.5995113561839722,1
FRANKLIN,2015,14,5150,14,5150,0.5792912621359224,0.1796606864274571,high,14,14,285.1904761904762,292.1547619047619,-0.7167641440988894,-0.5967375040489512,1
FRANKLIN,2016,14,5177,14,5177,0.5901332818234498,0.1706824553492658,high,14,14,290.07142857142856,291.69642857142856,-0.8346833351345527,-0.6158258345791098,1
FULTON,2009,16,5857,16,5857,0.4766877240908315,0.1606549035997892,high,16,16,667.1458333333334,678.8854166666666,-0.17021411302782044,-0.37805857849124763,1
FULTON,2010,15,5743,15,5743,0.5121347727668465,0.1653963277294268,high,14,14,665.6071428571429,679.6964285714286,-0.2176425243609563,-0.29603362249671084,1
FULTON,2011,15,5620,15,5620,0.5108576512455517,0.1600548182342758,high,15,15,661.1111111111111,678.1611111111112,-0.39357050258087084,-0.39008687400733627,1
FULTON,2012,15,5281,15,5281,0.4872864987691725,0.159868492358828,high,14,14,664.625,679.8690476190476,-0.21138098967275346,-0.3620141821379806,1
FULTON,2013,14,5116,14,5116,0.5567767787333855,0.1567841928759177,high,13,13,290.8525641025641,293.71153846153845,-0.5196619029165428,-0.3233698012189245,1
FULTON,2014,15,5231,15,5231,0.5185031542726055,0.15768179332968835,high,14,14,289.1011904761905,295.3154761904762,-0.49966214256306846,-0.39315298485395805,1
FULTON,2015,14,5194,14,5194,0.58276087793608,0.16664835366076988,high,13,13,286.04487179487177,295.2564102564103,-0.665774220346721,-0.43752114570954764,1
FULTON,2016,15,5674,15,5674,0.5630454705675009,0.16319501998268782,high,13,13,293.54487179487177,299.2628205128205,-0.6211930037907589,-0.24390064691436242,1
GENESEE,2009,13,5156,13,5156,0.38321761055081455,0.1086276800439802,low,12,12,672.3472222222222,686.5208333333334,0.21618909664837588,0.08115147663422764,1
GENESEE,2010,13,5119,13,5119,0.38310216839226413,0.11554243394715771,medium,12,12,670.9097222222222,687.3958333333334,0.21790739361272884,0.1988016057468056,1
GENESEE,2011,13,5142,13,5142,0.3907798521975885,0.12271954107327486,medium,12,12,667.8194444444445,687.7361111111111,0.2733150804737525,0.2781716931471487,1
GENESEE,2012,13,4775,13,4775,0.41312879581151835,0.1158821176156821,medium,12,12,669.3055555555555,688.6597222222222,0.251500645111906,0.2369008511007189,1
GENESEE,2013,11,4902,11,4902,0.4884292125662995,0.1247327632282202,medium,9,9,301.80555555555554,304.1666666666667,0.19511016083699545,0.2963906521160382,1
GENESEE,2014,11,4868,11,4868,0.42990961380443715,0.12463569059662992,medium,9,9,297.1388888888889,310.27777777777777,0.013877454012635983,0.42243846074333624,1
GENESEE,2015,11,5054,11,5054,0.4515116739216462,0.13031047125702178,medium,9,9,297.6759259259259,311.43518518518516,0.028361564351436514,0.3929810049238162,1
GENESEE,2016,11,4975,11,4975,0.46395175879396994,0.12268640035222596,medium,9,9,302.10185185185185,311.47222222222223,-0.09525018850674347,0.35625118994754656,1
GREENE,2009,12,4717,12,4717,0.3207631969472122,0.110472580546555,medium,12,12,667.6597222222222,682.6805555555555,-0.132038094982376,-0.1498109248977299,1
GREENE,2010,12,4659,12,4659,0.3850096587250483,0.1217364905889496,medium,12,12,669.1805555555555,682.6180555555555,0.07587493205461292,-0.10826274926167032,1
GREENE,2011,12,4535,12,4535,0.35897023153252483,0.13365653779057973,medium,12,12,664.0763888888889,682.7013888888889,-0.09878774485382609,-0.07321172807928049,1
GREENE,2012,12,4379,12,4379,0.44237725508106873,0.13580473107772484,medium,12,12,665.0069444444445,682.4166666666666,-0.17360874944551832,-0.1884430496070048,1
GREENE,2013,12,4362,12,4362,0.4186932599724897,0.1406352190974493,medium,12,12,292.8125,294.50694444444446,-0.39176009342026225,-0.2762196216248231,1
GREENE,2014,11,3970,11,3970,0.4323702770780856,0.1294993623760747,medium,11,11,290.469696969697,296.6969696969697,-0.4122263821622724,-0.3178481074946773,1
GREENE,2015,11,4265,11,4265,0.46561547479484167,0.12032207319092564,low,11,11,291.1136363636364,298.719696969697,-0.3632727590221028,-0.2597408702370855,1
GREENE,2016,11,4282,11,4282,0.49689163942083153,0.12120077388753668,low,11,11,293.90909090909093,296.50757575757575,-0.5988067851672393,-0.3793344085532294,1
HAMILTON,2009,6,552,6,552,0.23148550724637681,0.1261225304330473,medium,6,6,676.5277777777778,678.1944444444445,0.5267561623694328,-0.41961510462583956,1
HAMILTON,2010,6,581,6,581,0.30817555938037866,0.0943357783211084,low,6,6,669.3055555555555,683,0.08614233891423587,-0.08371545343977102,1
HAMILTON,2011,6,546,6,546,0.2766849816849817,0.0942505133470226,low,6,6,670.3055555555555,684.5277777777778,0.5204631536968959,0.05425563713803048,1
HAMILTON,2012,5,502,5,502,0.35239043824701194,0.08810754912099276,low,5,5,669.7666666666667,680.7666666666667,0.29710204058624157,-0.3008587457228602,1
HAMILTON,2013,5,507,5,507,0.3180078895463511,0.0939123207978392,low,5,5,306.5,300,0.5014609653759193,0.049398442019332474,1
HAMILTON,2014,5,484,5,484,0.37221074380165287,0.09429228517666736,low,5,5,308,309.56666666666666,0.7078087676772635,0.38367596583522495,1
HAMILTON,2015,5,476,5,476,0.42199579831932776,0.12794117647058822,medium,4,4,305.65,311.60833333333335,0.5042505166580311,0.4018691877465745,1
HAMILTON,2016,5,471,5,471,0.44104033970276013,0.11198637428145625,low,4,4,312.6333333333333,313.2083333333333,0.5520525961904845,0.44158954616916013,1
HERKIMER,2009,18,6892,18,6892,0.46270748694138136,0.1168980925383174,medium,18,18,668.6388888888889,682.6527777777778,-0.05929730384173031,-0.1514815390136942,1
HERKIMER,2010,18,6838,18,6838,0.47032758116408296,0.125629546726357,medium,18,18,669.199074074074,682.4120370370371,0.07739602936714882,-0.12150341185651142,1
HERKIMER,2011,18,6691,18,6691,0.49209535196532667,0.14342542810081735,high,18,18,665.1851851851852,682.9861111111111,0.011439375326700262,-0.0533403897754419,1
HERKIMER,2012,17,6314,17,6314,0.5516471333544506,0.1426909654905002,medium,17,17,665.0686274509803,682.5343137254902,-0.1675086336441158,-0.1804276702048039,1
HERKIMER,2013,13,4685,13,4685,0.519419423692636,0.14665983733780344,medium,13,13,295.9551282051282,297.03846153846155,-0.18667796061388028,-0.12615602115709412,1
HERKIMER,2014,16,6351,16,6351,0.530464493780507,0.15580842232896516,high,16,16,293.0625,299.234375,-0.2465686336607249,-0.17953475729987262,1
HERKIMER,2015,16,6581,16,6581,0.4930998328521501,0.14281475466158602,medium,16,16,292.5625,302.0520833333333,-0.2768052655502321,-0.08868007892716806,1
HERKIMER,2016,16,6465,16,6465,0.5463774168600154,0.13748072626577298,medium,16,16,292.9583333333333,299.5677083333333,-0.6572437702620744,-0.22891391866405914,1
JEFFERSON,2009,31,13552,31,13552,0.3947255017709564,0.14138356222628512,high,31,31,667.739247311828,685.0564516129032,-0.12613029794395691,-0.006919527204913976,1
JEFFERSON,2010,31,13526,31,13526,0.4707437527724384,0.13942069540884164,high,31,31,670.0994623655914,686.5403225806451,0.1513532527323418,0.1438185425539431,1
JEFFERSON,2011,31,14009,31,14009,0.49034406452994506,0.1439439025021347,high,31,31,665.4569892473119,682.8467741935484,0.038459829058069814,-0.06306499435843761,1
JEFFERSON,2012,31,13573,31,13573,0.47091873572533716,0.14430267239832154,high,31,31,665.5295698924731,683.5376344086021,-0.12192391868297395,-0.1120707047384607,1
JEFFERSON,2013,31,13859,31,13859,0.46126416047333846,0.14712931830308368,high,31,31,296.60215053763443,296.0698924731183,-0.14445447400887793,-0.18357098453639767,1
JEFFERSON,2014,31,13783,31,13783,0.46928390045708485,0.14229717794507296,medium,31,31,294.6747311827957,302.18817204301075,-0.14356096794741066,-0.018523993932107782,1
JEFFERSON,2015,31,13675,31,13675,0.4981747714808044,0.1423995561048198,medium,31,31,293.7795698924731,304.1962365591398,-0.204171112589948,0.021385353910555526,1
JEFFERSON,2016,31,13256,31,13256,0.5044100784550392,0.1376328772697218,medium,31,31,302.3333333333333,305.9704301075269,-0.08102250289268448,0.08581118623105186,1
KINGS,2009,366,215132,366,215132,0.813989457635312,0.21586752503802,high,354,354,662.0883239171375,680.505131826742,-0.545928737166054,-0.28064549412181633,1
KINGS,2010,381,220830,379,220830,0.8103158991079118,0.21827425366327463,high,366,366,661.8404826958106,679.4182149362478,-0.5270331833876076,-0.31391421351932325,1
KINGS,2011,395,225267,395,225267,0.8059417047326064,0.2196045322046129,high,376,376,661.1569592198582,679.7744237588653,-0.3890126726081413,-0.27749052953105546,1
KINGS,2012,402,220730,402,220730,0.7867728899560548,0.2251581938441701,high,384,384,663.1028211805556,682.2952256944444,-0.3619162438783619,-0.19671691107933587,1
KINGS,2013,416,231104,416,231104,0.7791908837579611,0.22969545895348,high,398,398,294.48467336683416,295.74091289782245,-0.282637137057567,-0.2030722787073563,1
KINGS,2014,436,236398,436,236398,0.7544896318919792,0.23165192482809832,high,415,415,294.7893172690763,298.444297188755,-0.13623990543668427,-0.22260170795902284,1
KINGS,2015,434,247320,434,247320,0.733059275432638,0.23019051277733743,high,416,416,295.57147435897434,299.19350961538464,-0.09723110535207938,-0.23541873070716324,1
KINGS,2016,436,249479,436,249479,0.7202266723852512,0.22537451301416425,high,419,419,303.66662688941926,300.769291964996,9.265213913974597e-4,-0.16985020359845796,1
LEWIS,2009,10,3138,10,3138,0.4615678776290632,0.1583285632512879,high,10,10,668.3,681.4,-0.08447284006629469,-0.22682623564364968,1
LEWIS,2010,10,3092,10,3092,0.45632276843467007,0.14424251397268387,high,10,10,669.6333333333333,680.7666666666667,0.11306576134613565,-0.22725018682745382,1
LEWIS,2011,10,3085,10,3085,0.4373322528363048,0.13407552613085771,medium,10,10,665.1166666666667,681.8166666666667,0.004627845561889901,-0.1349582768575524,1
LEWIS,2012,10,2909,10,2909,0.5286730835338603,0.13313871849826325,medium,10,10,666.1166666666667,683.9166666666666,-0.06386322238529621,-0.086246962228953,1
LEWIS,2013,8,2822,8,2822,0.47515591778880223,0.13361369337464954,medium,8,8,297.3125,299.1666666666667,-0.09809837545987396,-7.993605777301127e-15,1
LEWIS,2014,9,3016,9,3016,0.4587334217506632,0.13072448829332942,medium,9,9,297.55555555555554,305.26851851851853,0.040498859907698394,0.1493849484348934,1
LEWIS,2015,9,3131,9,3131,0.5041935483870968,0.11937767290960036,low,9,9,293.73148148148147,308.6666666666667,-0.20704100611141676,0.25086514053852516,1
LEWIS,2016,9,3214,9,3214,0.5155662725575607,0.13834065001660087,medium,9,9,302.3240740740741,308.99074074074076,-0.08159161031724683,0.23427423278811974,1
LIVINGSTON,2009,15,5298,15,5298,0.34181389203473006,0.11017700516133118,low,14,14,669.9285714285714,687.2857142857142,0.036511235654561665,0.12715302961308006,1
LIVINGSTON,2010,15,5217,15,5217,0.3624937703661108,0.10721107562537248,low,14,14,668.7202380952381,685.297619047619,0.038064798857271855,0.06395087675118151,1
LIVINGSTON,2011,14,5002,14,5002,0.3467413034786086,0.10603025066144646,low,13,13,664.8461538461538,686.4038461538462,-0.02226424388379067,0.18519023399184822,1
LIVINGSTON,2012,13,4760,13,4760,0.3720168067226891,0.10477650847197732,low,12,12,666.1944444444445,686.8402777777778,-0.056171420739025424,0.11294078215141622,1
LIVINGSTON,2013,13,4874,13,4874,0.35498974148543294,0.1217447416534792,medium,12,12,298.1111111111111,304.31944444444446,-0.045982484155175814,0.3054470331529173,1
LIVINGSTON,2014,13,4815,13,4815,0.3587289719626168,0.13325728028119074,medium,12,12,296.30555555555554,306.40277777777777,-0.03936535777748882,0.21121314669327443,1
LIVINGSTON,2015,13,4964,13,4964,0.4173972602739726,0.13396398203731424,medium,12,12,296.0208333333333,309.59722222222223,-0.07041357525005436,0.2986331819121766,1
LIVINGSTON,2016,13,4818,13,4818,0.4341054379410545,0.13493856581350006,medium,12,12,299.3888888888889,306.94444444444446,-0.261998663903515,0.13368875692157778,1
MADISON,2009,22,7095,22,7095,0.3342438336856941,0.08944008702124005,low,20,20,673.05,686.1333333333333,0.26839738078620096,0.05784640971653596,1
MADISON,2010,21,7027,21,7027,0.37196527678952607,0.09056484695487536,low,19,19,670.8421052631579,686.5219298245614,0.21235338697813777,0.1426364532968924,1
MADISON,2011,21,6962,21,6962,0.38929617925883375,0.092965717097709,low,19,19,667.9868421052631,686.3815789473684,0.28995633562461987,0.183636160728626,1
MADISON,2012,20,6504,20,6504,0.4091743542435424,0.09988078435671512,low,18,18,669.7824074074074,687.0833333333334,0.29865871472893973,0.12950033334693317,1
MADISON,2013,20,6665,20,6665,0.42290322580645157,0.10398275649034172,low,18,18,299.3796296296296,300.35648148148147,0.036798699714317006,0.07052999777205171,1
MADISON,2014,20,6588,20,6588,0.42054493017607775,0.1035459432704074,low,18,18,297.3888888888889,306.9166666666667,0.029850297549673842,0.23922510590421459,1
MADISON,2015,20,6601,20,6601,0.45646871686108165,0.11294130641887694,low,18,18,296.0046296296296,307.0046296296296,-0.0713806045888101,0.165548091517924,1
MADISON,2016,19,6386,19,6386,0.4802849984340746,0.11003065654954292,low,18,18,304.2453703703704,309.8703703703704,0.036498180279442696,0.27751233327373775,1
MONROE,2009,144,76657,144,76657,0.40772219105887253,0.12606390467195447,medium,132,132,669.8001262626262,682.810101010101,0.026969241112560462,-0.1420197881569187,1
MONROE,2010,145,76012,145,76012,0.42853036362679564,0.13256636547349562,medium,132,132,668.6135101010101,682.1611111111112,0.029298240936868315,-0.13763024135404983,1
MONROE,2011,146,75455,146,75455,0.4373942084686238,0.13924928276495288,medium,134,134,664.747263681592,681.8991293532338,-0.032095065009579676,-0.12920303959707433,1
MONROE,2012,143,72777,143,72777,0.4393871690231805,0.14060095656774255,medium,131,131,666.1258269720101,683.3763358778626,-0.06295731772030616,-0.12306009056606791,1
MONROE,2013,133,69987,133,69987,0.42368454141483425,0.1452940735223991,medium,124,124,297.4077956989247,297.2486559139785,-0.09187955353532466,-0.11369609155097506,1
MONROE,2014,139,74279,139,74279,0.44068404259615784,0.1493337575326571,medium,131,131,294.3405852417303,300.7034351145038,-0.16491001128810684,-0.0994566452883918,1
MONROE,2015,142,76546,142,76546,0.4701949154756617,0.14704893268353092,medium,130,130,293.1794871794872,302.2026923076923,-0.23998376380529787,-0.08094889546856462,1
MONROE,2016,142,76701,142,76701,0.4827324285211404,0.14377846232695707,medium,132,132,299.1054292929293,299.8151515151515,-0.27942111165091277,-0.21675087549276384,1
MONTGOMERY,2009,11,5035,11,5035,0.43075471698113216,0.15146405658825465,high,11,11,667.2575757575758,678.7651515151515,-0.16191293957076613,-0.3852915782433171,1
MONTGOMERY,2010,11,4987,11,4987,0.45263284539803494,0.14652117329061967,high,11,11,666.3181818181818,681.3863636363636,-0.1592383139127126,-0.18742270653195622,1
MONTGOMERY,2011,11,4994,11,4994,0.4464717661193431,0.15926778033410022,high,11,11,662.530303030303,679.8712121212121,-0.252486483127945,-0.2707354744564708,1
MONTGOMERY,2012,11,4741,11,4741,0.5130352246361527,0.1886656671664168,high,11,11,662.7727272727273,679.2954545454545,-0.39456074641111327,-0.40109349405022154,1
MONTGOMERY,2013,10,4795,10,4795,0.5746256517205423,0.18371019012775144,high,10,10,287.85,289.95,-0.7156037101710244,-0.5463467687339195,1
MONTGOMERY,2014,11,5045,11,5045,0.5416610505450942,0.18750375367860503,high,11,11,288.15909090909093,294.67424242424244,-0.559854178489437,-0.42810648257066253,1
MONTGOMERY,2015,11,5156,11,5156,0.7765845616757178,0.20195263062737295,high,11,11,283.719696969697,294.27272727272725,-0.8045395492367213,-0.488016367819175,1
MONTGOMERY,2016,10,4903,10,4903,0.5718804813379563,0.20162280790061812,high,10,10,289.5083333333333,293.21666666666664,-0.8692931966540094,-0.5410986933939668,1
NASSAU,2009,247,133179,247,133179,0.17805404756005086,0.04688876564552731,low,233,233,683.2453505007153,700.8580114449213,1.0257943455979928,0.9434195935411077,1
NASSAU,2010,255,135245,255,135245,0.19449036932973496,0.04876068687960044,low,232,232,680.3663793103449,697.497485632184,0.9946701604582611,0.8480275622351287,1
NASSAU,2011,255,134641,255,134261,0.2084810183150727,0.0515421843479148,low,231,231,673.6424963924964,695.8077200577201,0.8521934993856517,0.8415055656580854,0.9971776799043383
NASSAU,2012,253,131100,253,131100,0.21602173913043476,0.05686137122846437,low,231,231,676.0227272727273,697.5396825396825,0.9157926054718712,0.8418989847785882,1
NASSAU,2013,249,132167,249,132167,0.2430847337081118,0.05884213385524999,low,225,225,311.63,311.72444444444443,0.8362353238507623,0.7444015889367819,1
NASSAU,2014,249,131690,249,131690,0.23668167666489487,0.06190947585556356,low,227,227,309.007342143906,315.9291483113069,0.7721692414887628,0.7304933035195823,1
NASSAU,2015,249,133059,249,133059,0.2777031993326269,0.06064171880951889,low,227,227,310.798825256975,318.55418502202645,0.8115299618187028,0.7584193462619943,1
NASSAU,2016,252,133773,252,133773,0.28859642827775417,0.05917006252206477,low,227,227,316.80580029368576,320.1809838472834,0.8085074441852775,0.7843294373892952,1
NEW YORK,2009,216,96205,216,96205,0.7148815550127332,0.16852461686331943,high,207,207,663.5914653784218,679.7595008051529,-0.4342626614995325,-0.32548931568062556,1
NEW YORK,2010,226,99276,226,99276,0.7152534348684478,0.17286251574988395,high,215,215,662.8136434108527,679.7370542635659,-0.44709848737849395,-0.2934226383670298,1
NEW YORK,2011,229,102046,228,102046,0.7047791192207435,0.17128273321005355,high,217,217,661.7635176651306,681.7867895545315,-0.3287137783325341,-0.13704346078926716,1
NEW YORK,2012,226,99176,226,99176,0.677710635637654,0.17034511049109588,high,214,214,663.1730529595015,683.208644859813,-0.354970700712279,-0.1344850011881357,1
NEW YORK,2013,234,105269,234,105269,0.6871953756566515,0.17202567539955846,high,219,219,297.33531202435313,299.45022831050227,-0.09660970473505338,0.01680900410629973,1
NEW YORK,2014,240,107351,240,107351,0.6761243956740042,0.17236674785806705,high,223,223,298.69222720478325,304.1636023916293,0.11312237353210018,0.0891562372345956,1
NEW YORK,2015,240,111215,240,111215,0.6546151148675985,0.17403423243962746,high,228,229,300.2533625730994,304.99505094614267,0.18218175893025826,0.06239074951580725,1
NEW YORK,2016,248,115541,248,115541,0.6496047290572178,0.1711613961928796,high,234,234,307.3281339031339,306.6173076923077,0.22597593066335073,0.11760838481384986,1
NIAGARA,2009,46,21226,46,21226,0.4119688118345425,0.11997409290210752,medium,45,45,672.0592592592593,686.7462962962964,0.19479676941930663,0.09471129454213181,1
NIAGARA,2010,47,21239,47,21239,0.4300235415980036,0.1249398326421801,medium,45,45,669.5685185185185,685.5018518518518,0.1077419207522571,0.07707677276815515,1
NIAGARA,2011,45,21059,45,21059,0.44411083147347924,0.12567812771945416,medium,43,43,665.8934108527131,685.1182170542636,0.08184516224202715,0.09546358543005415,1
NIAGARA,2012,42,19019,42,19019,0.4708317997791682,0.1304402206893996,medium,40,40,666.3083333333333,683.43125,-0.044908425471267416,-0.11931875161657218,1
NIAGARA,2013,41,19388,41,19388,0.47828141118217465,0.1342491820017172,medium,39,39,297.95726495726495,297.1111111111111,-0.05602220100852215,-0.1218494903143823,1
NIAGARA,2014,39,18936,39,18936,0.47322824250105616,0.13315160508528978,medium,38,38,296.2543859649123,301.2456140350877,-0.04263465323828592,-0.06990260328280265,1
NIAGARA,2015,39,19354,39,19354,0.5093091867314251,0.1345598879290217,medium,37,37,295.7950450450451,304.02702702702703,-0.0838885130244554,0.012699351358077218,1
NIAGARA,2016,39,19016,39,19016,0.5218642196045435,0.13367608049715524,medium,37,37,303.77252252252254,306.14864864864865,0.007435248422400198,0.09457149958323799,1
ONEIDA,2009,56,22920,56,22920,0.4863944153577661,0.13594397240173312,high,56,56,670.5059523809524,685.2916666666666,0.07940398179828563,0.007226802002841503,1
ONEIDA,2010,54,23080,54,23080,0.48394150779896017,0.1401636443485565,high,54,54,668.7638888888889,683.0694444444445,0.04165024252253633,-0.07925230874488043,1
ONEIDA,2011,54,22864,54,22864,0.49582050384884546,0.14230715117097067,medium,54,54,664.4104938271605,681.8194444444445,-0.06557386660875544,-0.1347644101423938,1
ONEIDA,2012,55,22309,55,22309,0.528953337218163,0.1475530861668715,high,55,55,665.3666666666667,681.5166666666667,-0.13803416683150502,-0.24976070203383505,1
ONEIDA,2013,55,22697,55,22697,0.5451081640745473,0.15021391424643263,high,55,55,295.6060606060606,295.4818181818182,-0.20945746968643536,-0.21843092907462114,1
ONEIDA,2014,56,22657,56,22657,0.5167550867281635,0.15614420545087712,high,56,56,293.5059523809524,300.9747023809524,-0.21823585167240842,-0.08466993211494671,1
ONEIDA,2015,55,23192,55,23192,0.5628264056571232,0.16167290351861208,high,54,54,292.81481481481484,304.08796296296293,-0.2617472372753196,0.01582736482438999,1
ONEIDA,2016,55,23126,55,23126,0.581048603303641,0.1579889889975865,high,54,54,298.5416666666667,303.0941358024691,-0.31407199325097107,-0.05557275309880118,1
ONONDAGA,2009,96,48011,96,48011,0.39827956093395267,0.12818445023201702,medium,92,92,667.4721014492753,680.5653985507247,-0.14597615468474906,-0.27702092628871844,1
ONONDAGA,2010,97,47668,97,47668,0.41748468574305614,0.13178881355347377,medium,93,93,666.2107526881721,680.6209677419355,-0.1680624626037974,-0.23661415234215352,1
ONONDAGA,2011,96,47166,96,47166,0.42796484755968284,0.13340330937944295,medium,93,93,662.4336917562724,678.8548387096774,-0.2620907562924013,-0.34167022533752484,1
ONONDAGA,2012,94,46804,94,46804,0.44646867789077865,0.13731206253391937,medium,91,91,664.3501831501832,680.2516483516483,-0.23855889007361633,-0.3359473168714667,1
ONONDAGA,2013,92,47377,92,47377,0.44170905713742953,0.1424009315028617,medium,89,89,293.74007490636706,295.36591760299626,-0.3312282621889975,-0.22530129870215285,1
ONONDAGA,2014,92,47195,92,47195,0.45425129780697115,0.14653112348935332,medium,88,88,290.6373106060606,297.33825757575755,-0.4015173166090316,-0.2828916601157178,1
ONONDAGA,2015,94,47876,94,47876,0.46278782688612263,0.14838011206395846,medium,88,88,289.4337121212121,297.60227272727275,-0.46352983968818035,-0.31710140838590734,1
ONONDAGA,2016,94,47421,94,47421,0.48813837751207284,0.1458925328490546,medium,88,88,294.8255681818182,297.50549242424245,-0.5424767909692496,-0.3302819213970453,1
ONTARIO,2009,21,10582,21,10582,0.287012852012852,0.07747229019720743,low,19,19,672.109649122807,688.8859649122807,0.19854015516221638,0.2233954759026484,1
ONTARIO,2010,22,12000,22,12000,0.28181,0.08447948221038966,low,17,17,670.5343137254902,687.8872549019608,0.1870716194166723,0.23038491791123808,1
ONTARIO,2011,22,11902,22,11902,0.2892413039825239,0.09359297655739236,low,17,17,667.0539215686274,686.3480392156863,0.19721329124927575,0.18129535518955028,1
ONTARIO,2012,21,10111,21,10111,0.3229878350311542,0.0930862914005644,low,16,16,667.59375,686.2291666666666,0.08221233209348035,0.07130533914554305,1
ONTARIO,2013,22,11623,22,11623,0.33756259141357653,0.0921697703834329,low,16,16,300.6041666666667,301.4010416666667,0.11670973304818791,0.1324495726643501,1
ONTARIO,2014,22,11481,22,11481,0.33514676421914463,0.10103234686854784,low,16,16,296.1302083333333,302.9947916666667,-0.0505685327583275,0.025444646926128023,1
ONTARIO,2015,20,10693,20,10693,0.37940241279341624,0.10051102644882408,low,16,16,296.6666666666667,304.7447916666667,-0.031870548748213705,0.04954423482382683,1
ONTARIO,2016,21,11628,21,11628,0.3814499484004128,0.09957058017359526,low,16,16,301.1041666666667,304.703125,-0.1565715135033376,0.023516939039474424,1
ORANGE,2009,67,41769,67,41769,0.33470109411285875,0.1123601771885656,medium,59,59,672.3593220338983,686.5186440677966,0.21708797311541045,0.08101980958949484,1
ORANGE,2010,69,43164,69,43164,0.36654156241312214,0.10676632424007498,low,61,61,669.6420765027323,684.379781420765,0.11378391876582478,0.004962110006252379,1
ORANGE,2011,68,42206,68,42206,0.3755835663175852,0.1105630753590994,low,60,60,665.5655555555555,683.7883333333333,0.04925257029134243,0.0026483175625956297,1
ORANGE,2012,66,41432,66,41432,0.39750000000000013,0.1129933959152811,low,58,58,668.2612068965517,685.3063218390805,0.1482202099526484,0.008431252054621734,1
ORANGE,2013,64,40159,64,40159,0.39944246619686746,0.1199244721878995,low,58,58,300.52385057471264,298.2491379310345,0.1114684527052808,-0.054389388057854676,1
ORANGE,2014,63,40634,63,40634,0.41465004675887185,0.12267501161492904,low,58,58,296.42040229885055,301.07011494252873,-0.032027641531930315,-0.07946901642893751,1
ORANGE,2015,64,40831,64,40831,0.43952511572089836,0.12448852375167828,medium,58,58,296.6022988505747,303.81293103448274,-0.03571198943182348,0.001709200185768231,1
ORANGE,2016,62,40241,62,40241,0.4466750329266171,0.1231707252247224,medium,57,57,303.0406432748538,303.6421052631579,-0.03754868626058945,-0.02863737279074305,1
ORLEANS,2009,8,4345,8,4345,0.4389021864211737,0.11755545068428504,medium,7,7,671.1428571428571,683.3333333333334,0.12671866053414693,-0.11055149317258701,1
ORLEANS,2010,8,4258,8,4258,0.4874025364020667,0.1120248326345294,medium,7,7,670.0714285714286,681.25,0.14905057776843272,-0.19618669975101483,1
ORLEANS,2011,8,4183,8,4183,0.4892493425770978,0.11331984841087164,medium,7,7,665.0119047619048,681.4047619047619,-0.005786694155732408,-0.16370594119119186,1
ORLEANS,2012,8,3855,8,3855,0.4872217898832685,0.1208047447377602,medium,7,7,665.2738095238095,679.7857142857143,-0.14721723614389273,-0.3676917425478722,1
ORLEANS,2013,7,3846,7,3846,0.561851274050962,0.12519044605395777,medium,7,7,294.7261904761905,293.17857142857144,-0.2668761750019229,-0.3549630905104154,1
ORLEANS,2014,7,3821,7,3821,0.5266213033237374,0.14419184787724748,medium,7,7,293.2261904761905,301.4404761904762,-0.23611022420195,-0.0592807142586992,1
ORLEANS,2015,7,3954,7,3954,0.5629994941831057,0.1462657568003033,medium,7,7,289.79761904761904,301.89285714285717,-0.4418120472101846,-0.09685360839462114,1
ORLEANS,2016,7,3910,7,3910,0.5754168797953964,0.14519051933807048,medium,7,7,295.4761904761905,298.6904761904762,-0.5024872013114379,-0.27203417094346605,1
OSWEGO,2009,31,14170,31,14170,0.44829287226534936,0.14565582129815444,high,30,30,668.2694444444444,682.7111111111111,-0.08674276546359076,-0.14797324937017012,1
OSWEGO,2010,32,14274,32,14274,0.4707755359394704,0.14531173294059893,high,31,31,668.0403225806451,681.9005376344086,-0.017782954890692863,-0.15437711202855536,1
OSWEGO,2011,32,14164,32,14164,0.4752555775204745,0.1492725398098293,high,31,31,663.3682795698925,681.3870967741935,-0.16918196538530572,-0.1649388262922051,1
OSWEGO,2012,32,13363,32,13363,0.48451395644690554,0.15661791815165294,high,31,31,664.2956989247311,681.741935483871,-0.24394708535253964,-0.23441297421612764,1
OSWEGO,2013,30,13542,30,13542,0.49337468616157143,0.16585794395592665,high,29,29,294.57758620689657,295.67241379310343,-0.2765738161168343,-0.20713277757076165,1
OSWEGO,2014,30,13260,30,13260,0.5380776772247361,0.1772577450085896,high,29,29,290.5890804597701,298.4913793103448,-0.40459880693089745,-0.22003527288316466,1
OSWEGO,2015,29,13444,29,13444,0.5573147872656947,0.17836660257626896,high,28,28,289.0029761904762,299.8809523809524,-0.489235955394477,-0.2001303545628138,1
OSWEGO,2016,29,13082,29,13082,0.568602660143709,0.17508484561831503,high,28,28,294.3958333333333,302.3482142857143,-0.568889842598768,-0.09223844557827156,1
OTSEGO,2009,18,6182,18,6182,0.42041895826593345,0.1440099217214831,high,18,18,669.3703703703703,681.7870370370371,-0.004956665542807748,-0.20354901229455727,1
OTSEGO,2010,19,6185,19,6185,0.4361261115602263,0.13793048367516453,high,18,18,669.1527777777778,681.6805555555555,0.07359328608580681,-0.16851520264269335,1
OTSEGO,2011,19,6157,19,6157,0.4024979697904824,0.15274126322539275,high,19,19,665.859649122807,681.0921052631579,0.07848885750661191,-0.1855268789801863,1
OTSEGO,2012,18,5892,18,5892,0.42563136456211814,0.14750510885481197,high,18,18,666.3333333333334,682.3796296296297,-0.04243606065639334,-0.19096640978917856,1
OTSEGO,2013,16,5827,16,5827,0.4396464733138837,0.1432072095310258,medium,16,16,297.328125,295.8020833333333,-0.09707871671695595,-0.19944620965309703,1
OTSEGO,2014,16,5619,16,5619,0.42816515394198257,0.1503447829324355,high,16,16,294.7135416666667,300.96875,-0.1410813128015399,-0.08499439496294983,1
OTSEGO,2015,17,5806,17,5806,0.47269893213916647,0.1510610922001987,high,16,16,296.2104166666667,305.40208333333334,-0.059099331986610694,0.08328487001797641,1
OTSEGO,2016,17,5557,17,5557,0.4720820586647472,0.1493300972465931,high,16,16,299.1614583333333,302.6614583333333,-0.2759773650193279,-0.07684096787714359,1
PUTNAM,2009,16,10593,16,10593,0.09219012555461154,0.06548213619073565,low,16,16,680.7135416666666,697.6041666666666,0.8377101471922989,0.7477265089036765,1
PUTNAM,2010,17,10772,17,10772,0.11013275157816563,0.06894369380682104,low,16,16,677.0364583333334,697.0364583333334,0.7211529326073007,0.8183976680149975,1
PUTNAM,2011,17,10492,17,10492,0.11197102554327105,0.05364130761975477,low,16,16,672.4270833333334,692.9375,0.7313674452322857,0.6411871172831437,1
PUTNAM,2012,17,10269,17,10269,0.1452897068847989,0.05772201159455176,low,16,16,673.5885416666666,693.921875,0.6750648116600365,0.595415134483675,1
PUTNAM,2013,15,9795,15,9795,0.15578662582950484,0.05710102489019034,low,14,14,309.30357142857144,308.20238095238096,0.6844168769623517,0.5356202498954179,1
PUTNAM,2014,15,9910,15,9910,0.15319374369323915,0.05492642707403433,low,14,14,305.25,312.38690476190476,0.5321074887698515,0.5374064632191249,1
PUTNAM,2015,15,9619,15,9619,0.18008628755587902,0.0523882277259569,low,14,14,306.2559523809524,314.1904761904762,0.5404134668689741,0.5344178637458711,1
PUTNAM,2016,15,9433,15,9433,0.20770592600445245,0.05091139546112989,low,14,14,312.0059523809524,313.3392857142857,0.5134915031233526,0.44802649646701936,1
QUEENS,2009,249,187300,249,187300,0.7609553657234381,0.12011049384341294,medium,237,238,670.6582981715893,691.2538515406162,0.09072151712207564,0.3658051696494002,1
QUEENS,2010,253,193130,253,193130,0.7579218143219588,0.12858766197595548,medium,241,241,668.8177731673583,689.2724066390042,0.04607625700559196,0.3194076277372098,1
QUEENS,2011,262,197815,262,197815,0.754000151656851,0.13534467611903828,medium,250,250,666.4765333333334,688.5224666666667,0.1398142517546676,0.3330530338081962,1
QUEENS,2012,266,195587,266,195587,0.7420617934729813,0.14207152726075253,medium,254,254,668.3054461942257,690.7103018372703,0.1525952372728048,0.3766083267774582,1
QUEENS,2013,265,200738,265,200738,0.7113161932469187,0.14798351356142528,high,254,254,303.84317585301835,306.8366141732283,0.32808151130452623,0.4546601486331237,1
QUEENS,2014,278,207163,278,207163,0.7233413785280193,0.15124076888470675,high,269,269,302.58035935563817,309.7034076827757,0.36154047951982177,0.3911296855955234,1
QUEENS,2015,280,215606,280,215606,0.7035369609380074,0.14941904856681842,high,270,270,303.9352469135803,309.7887654320988,0.40191486712927327,0.3084656351382088,1
QUEENS,2016,287,220325,287,220325,0.6895170770452742,0.14465255793154233,medium,271,271,310.7009840098401,309.93536285362853,0.43328344673089514,0.28070703184603285,1
RENSSELAER,2009,35,14172,35,14172,0.34368190798758114,0.10741536218984413,low,33,33,670.5636363636364,684.0247474747474,0.08368923647393867,-0.06896838908614993,1
RENSSELAER,2010,36,14186,36,14186,0.37640208656421825,0.11373078062649326,medium,35,35,669.152380952381,683.5738095238095,0.07356069114339617,-0.04683712641798921,1
RENSSELAER,2011,33,13904,33,13904,0.36312356156501724,0.116149962591086,medium,32,32,665.5130208333334,683.1171875,0.04403001393957487,-0.044192304153856395,1
RENSSELAER,2012,32,13355,32,13355,0.413335080494197,0.11382506396428034,low,31,31,666.0295698924731,683.3091397849462,-0.07247662238550175,-0.12763820908816373,1
RENSSELAER,2013,32,13594,32,13594,0.40625717228188907,0.1272208817723185,medium,30,30,296.06944444444446,298.0416666666667,-0.17921789322979606,-0.06668789672611825,1
RENSSELAER,2014,31,13520,31,13520,0.4147389053254438,0.12518170426065162,medium,30,30,294.02777777777777,302.00555555555553,-0.18489571000383045,-0.028478374554931577,1
RENSSELAER,2015,30,13466,30,13466,0.44897519679192044,0.11998749218261412,low,28,28,295.48333333333335,304.4613095238095,-0.10249131988707016,0.034992296846725425,1
RENSSELAER,2016,30,13327,30,13327,0.4784595182711787,0.11918054001337842,low,28,28,304.82440476190476,307.22083333333336,0.07208771957975332,0.14727462323205906,1
RICHMOND,2009,54,41401,54,41401,0.5331001666626409,0.09808596595801046,low,53,53,669.2767295597484,690.3993710691824,-0.011913097863853644,0.314414912703268,1
RICHMOND,2010,56,42224,56,42224,0.5556408677529368,0.1014866760168303,low,55,55,667.8484848484849,688.0121212121212,-0.03354036326763177,0.23840998621182588,1
RICHMOND,2011,59,42635,59,42635,0.5667057581798991,0.1086315590707974,low,57,57,666.5175438596491,687.953216374269,0.14389117032661544,0.2933239074635562,1
RICHMOND,2012,59,41565,59,41565,0.5664561530133526,0.11152839397575444,low,57,57,669.0555555555555,689.4005847953216,0.22677699696317036,0.28737635527111643,1
RICHMOND,2013,60,43179,60,43179,0.5852175826211817,0.11687220744200091,low,59,59,301.52881355932203,302.71638418079095,0.17705048749350116,0.210420617767802,1
RICHMOND,2014,62,43371,62,43371,0.5797931797745037,0.1217440543601359,low,60,60,300.97222222222223,305.22222222222223,0.2587943882472105,0.14686134850597968,1
RICHMOND,2015,64,45361,64,45361,0.5749286832300874,0.12375100797704036,medium,61,61,302.348087431694,305.24863387978144,0.30719394330012856,0.07540787675059916,1
RICHMOND,2016,65,46094,65,46094,0.570222805571224,0.12788280332288243,medium,60,60,309.7027777777778,306.46944444444443,0.37193009631649804,0.1103401826593442,1
ROCKLAND,2009,54,27438,54,27438,0.24610139222975436,0.1079455630377601,low,52,52,674.7160256410257,689.8916666666667,0.39216387255349366,0.28388049960640194,1
ROCKLAND,2010,55,27860,55,27860,0.2534895908111988,0.11024647991069236,medium,52,52,672.1217948717949,688.8669871794872,0.3174661379053969,0.2933516095139501,1
ROCKLAND,2011,55,27807,55,27807,0.2880454561800985,0.113634743846418,medium,52,52,668.7836538461538,687.5576923076923,0.36916859834392307,0.2657194849042179,1
ROCKLAND,2012,55,27266,55,27266,0.32810313210591946,0.12592184249914265,medium,52,52,671.2099358974359,689.5801282051282,0.43983356316797945,0.29960877793561314,1
ROCKLAND,2013,53,26289,53,26289,0.30146334968998445,0.13350408958037763,medium,51,51,305.1928104575163,302.48692810457516,0.4161561816546737,0.19681889055548407,1
ROCKLAND,2014,53,26242,53,26242,0.3473130858928435,0.1388810318492957,medium,51,51,302.671568627451,307.95098039215685,0.36736796523099446,0.29560529725723544,1
ROCKLAND,2015,53,26725,53,26725,0.38970851262862494,0.14380955944718854,medium,50,49,302.44166666666666,308.85884353741494,0.31277870758437193,0.26073012136439644,1
ROCKLAND,2016,53,26253,53,26253,0.3748824896202339,0.14296960718071422,medium,50,49,307.51,310.02721088435374,0.2371540760316396,0.28522181198545865,1
SAINT LAWRENCE,2009,29,11040,29,11040,0.4617653985507247,0.14562337117967597,high,27,27,670.3956790123457,684.3160493827161,0.07121194223315093,-0.051448878225610985,1
SAINT LAWRENCE,2010,29,11120,29,11120,0.49085071942446035,0.1484370806419868,high,27,27,668.9123456790123,681.4401234567902,0.05384437264470516,-0.18396760138633675,1
SAINT LAWRENCE,2011,29,10971,29,10971,0.4946303892079118,0.15502329866110956,high,27,27,664.5308641975308,680.4043209876543,-0.05360766567057726,-0.23352873114304842,1
SAINT LAWRENCE,2012,27,9373,27,9373,0.541891603542089,0.16394788506157415,high,25,25,665.1646666666667,681.4126666666666,-0.15801087453568255,-0.25684629742538007,1
SAINT LAWRENCE,2013,28,10727,28,10727,0.5378875734128833,0.17395648411643488,high,26,26,294.85897435897436,291.5769230769231,-0.2582109431939749,-0.44990581039154437,1
SAINT LAWRENCE,2014,27,10923,27,10923,0.514662638469285,0.17595857697629785,high,26,26,291.01602564102564,297.1794871794872,-0.37732069261455076,-0.2915461960677352,1
SAINT LAWRENCE,2015,26,11388,26,11388,0.5334316824727784,0.17403647856014143,high,26,26,292.0352564102564,301.1794871794872,-0.3082709124959034,-0.13347290073190943,1
SAINT LAWRENCE,2016,26,11368,26,11368,0.556345003518649,0.1713186704803235,high,26,26,298.21153846153845,301.6730769230769,-0.33436286181132907,-0.1254247505230022,1
SARATOGA,2009,42,23574,42,23574,0.16851149571561888,0.06330055290982073,low,42,42,678.6547619047619,691.3769841269841,0.6847665536617762,0.3732106229785656,1
SARATOGA,2010,42,23422,42,23422,0.17964008197421227,0.06239413800721703,low,42,42,676.3333333333334,690.3670634920635,0.6633987690219222,0.38976043947819733,1
SARATOGA,2011,42,23131,42,23131,0.17582119233928495,0.0637470254438953,low,42,42,671.5813492063492,690.577380952381,0.6472917339702235,0.4764696475102028,1
SARATOGA,2012,40,22459,40,22459,0.19933078053341644,0.06333017940973107,low,40,40,673.95625,691.7020833333333,0.7114291774788,0.4441791190651837,1
SARATOGA,2013,41,22483,41,22483,0.205365387181426,0.0641681248276205,low,41,41,308.1849593495935,306.3069105691057,0.611418311441485,0.4232603093022968,1
SARATOGA,2014,41,22373,41,22373,0.20556653108657755,0.06660314949306105,low,41,41,305.640243902439,313.3760162601626,0.5570407079496172,0.5913226920836513,1
SARATOGA,2015,41,22127,41,22127,0.2415094680706829,0.06516842886126181,low,41,41,307.0589430894309,317.2215447154472,0.5883355708549648,0.6900111605058314,1
SARATOGA,2016,41,21850,41,21850,0.24040594965675052,0.06309991152763761,low,41,41,312.2845528455285,318.3475609756098,0.5306152911540432,0.6942077319717169,1
SCHENECTADY,2009,39,15805,39,15805,0.37783422967415375,0.10517431582864814,low,37,37,668.0112612612612,680.9211711711712,-0.10592279848890636,-0.2556240108642312,1
SCHENECTADY,2010,39,15578,39,15578,0.42150083451020665,0.10835268940679071,low,36,36,666.4930555555555,681.6064814814815,-0.14487431542727927,-0.1732758903172429,1
SCHENECTADY,2011,39,15461,39,15461,0.41377789276243454,0.11637379413388768,medium,36,36,663.5671296296297,680.6296296296297,-0.14941397959227343,-0.21780398646900725,1
SCHENECTADY,2012,37,15139,37,15139,0.4716031441971069,0.11656934212059612,medium,34,34,664.9338235294117,680.0392156862745,-0.18084001254784454,-0.350420508359798,1
SCHENECTADY,2013,36,15284,36,15284,0.47936731222193146,0.12354267185976064,medium,32,32,295.2447916666667,292.5703125,-0.23303321577269115,-0.3910195426093541,1
SCHENECTADY,2014,35,15159,35,15159,0.4839448512434857,0.12476639729858614,medium,32,32,292.796875,295.0911458333333,-0.2635397799188271,-0.40538117843807736,1
SCHENECTADY,2015,35,15193,35,15193,0.5082728888303824,0.1229230729476214,low,32,32,292.765625,297.3177083333333,-0.26468286205368574,-0.3317089013636366,1
SCHENECTADY,2016,32,14158,32,14158,0.49768399491453597,0.11660047143918112,low,31,31,297.5430107526882,297.252688172043,-0.3754529827356244,-0.34270848741028,1
SCHOHARIE,2009,9,3551,9,3551,0.41424387496479864,0.10250526514318048,low,9,9,666.8888888888889,679.6851851851852,-0.1893021220505439,-0.32995881373579783,1
SCHOHARIE,2010,9,3516,9,3516,0.3825199089874858,0.10735307572661563,low,9,9,667.7962962962963,680.0648148148148,-0.03782709205750602,-0.2723577025438146,1
SCHOHARIE,2011,9,3420,9,3420,0.3925906432748538,0.10123298541170726,low,9,9,664.6759259259259,680.6481481481482,-0.03918685941174768,-0.2165115417012785,1
SCHOHARIE,2012,9,3202,9,3202,0.46579013116802,0.1051292270901677,low,8,8,666.0416666666667,680.6041666666666,-0.0712803168299169,-0.31192998852215026,1
SCHOHARIE,2013,9,3159,9,3159,0.45836340614118387,0.10977039871620788,low,8,8,296.5833333333333,296.4270833333333,-0.14568245012938125,-0.16239737813859173,1
SCHOHARIE,2014,9,3137,9,3137,0.45823079375199244,0.12285012285012284,low,8,8,292.65625,300.3125,-0.27252450440841075,-0.12076642395529957,1
SCHOHARIE,2015,8,3120,8,3120,0.5033173076923078,0.12333531789552848,low,7,7,288.25,302.6904761904762,-0.5341732167076826,-0.055909572931491125,1
SCHOHARIE,2016,8,3142,8,3142,0.5357988542329727,0.1349354217324028,medium,7,7,292.0595238095238,301.51190476190476,-0.7124878409749494,-0.13334715088959734,1
SCHUYLER,2009,4,1218,4,1218,0.35909688013136287,0.09647544453852668,low,3,3,667.6111111111111,681.6666666666666,-0.13564933993261968,-0.2107883401303991,1
SCHUYLER,2010,4,1181,4,1181,0.4017950889077053,0.08057739954756006,low,3,3,666.8888888888889,681.6111111111111,-0.1123608603718083,-0.17297834733758277,1
SCHUYLER,2011,4,1173,4,1173,0.32664961636828643,0.08718226068144944,low,3,3,662.5555555555555,680.2222222222222,-0.24997609132273338,-0.24623777135905495,1
SCHUYLER,2012,4,1194,4,1194,0.4489447236180904,0.0904612386314422,low,3,3,664.6666666666666,680.4166666666666,-0.20726038164796423,-0.32470449944440605,1
SCHUYLER,2013,4,1205,4,1205,0.4720414937759337,0.11127387152777778,low,3,3,294.77777777777777,293.5,-0.26350968264435126,-0.3359094057315268,1
SCHUYLER,2014,4,1210,4,1210,0.48650413223140504,0.12937479683606024,medium,3,3,295.25,296.75,-0.10680625271164709,-0.31495743848519464,1
SCHUYLER,2015,3,1048,3,1048,0.5270801526717558,0.1409560021727322,medium,2,2,294.75,301.25,-0.146256304818192,-0.12985327876788985,1
SCHUYLER,2016,3,1023,3,1023,0.5243010752688172,0.14272469458987783,medium,2,2,295.75,297.125,-0.4856578817565227,-0.3489849858678697,1
SENECA,2009,10,3038,10,3038,0.4051283739302172,0.122641233433779,medium,8,8,670.15625,681.96875,0.053425127819483886,-0.19262041161929577,1
SENECA,2010,10,3107,10,3107,0.4271194077888638,0.1263417259055765,medium,8,8,668.0416666666667,682.6458333333334,-0.017672552666394586,-0.10647749138371351,1
SENECA,2011,10,3070,10,3070,0.3830912052117264,0.10689401234917578,low,8,8,665.0208333333334,681.0833333333334,-0.004899091338889133,-0.18613908965963544,1
SENECA,2012,10,2914,10,2914,0.42020590253946466,0.10833852602957005,low,8,8,667.0208333333334,680.7916666666666,0.025553971752628274,-0.2991554775998929,1
SENECA,2013,8,2757,8,2757,0.43830250272034815,0.1123052122514777,low,6,6,294.8333333333333,292.47222222222223,-0.2598842293361998,-0.3968341508887142,1
SENECA,2014,8,2736,8,2736,0.4187463450292398,0.11850022706630337,low,6,6,291.6666666666667,295.6111111111111,-0.3357503434091841,-0.3770379967364676,1
SENECA,2015,8,2709,8,2709,0.5250793650793651,0.11612223992715684,low,6,6,291.72222222222223,300.5833333333333,-0.326952644117143,-0.1640751591549833,1
SENECA,2016,8,2637,8,2637,0.3164353431930224,0.11279826464208242,low,6,6,300.25,303.9166666666667,-0.20907167341921562,-0.0151413363289166,1
STEUBEN,2009,30,11109,30,11109,0.4754919434692592,0.1360862279413286,high,28,28,669.6994047619048,682.5357142857143,0.019486795174836154,-0.15852198421668298,1
STEUBEN,2010,30,10961,30,10961,0.4785886324240489,0.1334325999756898,medium,28,28,669.0297619047619,683.1815476190476,0.06348885393824172,-0.07204751802312807,1
STEUBEN,2011,27,10866,27,10866,0.486512055954353,0.14801137225937655,high,24,24,665.8430555555556,683.2486111111111,0.07683926583881864,-0.03501998519287748,1
STEUBEN,2012,26,10139,26,10139,0.5028474208501825,0.14823420074349442,high,25,25,667.3766666666667,684.5913333333333,0.060743964284329315,-0.04028143315046895,1
STEUBEN,2013,26,10360,26,10360,0.4597123552123552,0.15260078220533396,high,24,24,299.9555555555556,300.14166666666665,0.07438256567550254,0.05779617716262107,1
STEUBEN,2014,25,9839,25,9839,0.48678117694887696,0.1560803501925857,high,24,24,299.03472222222223,304.1041666666667,0.13500485083517,0.08591641022271794,1
STEUBEN,2015,24,9996,23,9996,0.5264475790316127,0.16102974712410684,high,23,23,299.16449275362316,306.9021739130435,0.11719852541935302,0.16028875060094636,1
STEUBEN,2016,25,9964,25,9964,0.5305279004415897,0.1483224827052195,high,23,23,302.7260869565217,306.6521739130435,-0.05688245057081292,0.11932223016983483,1
SUFFOLK,2009,279,166394,279,166394,0.2258420375734703,0.05258870120209553,low,254,253,676.1620078740158,692.5636363636364,0.49958367674381016,0.4445783901610392,1
SUFFOLK,2010,286,169352,286,169352,0.2585290401058151,0.05644808802143337,low,255,255,674.1559477124183,691.9621568627451,0.4845499365401042,0.49227594769726213,1
SUFFOLK,2011,285,167809,285,167135,0.2679027732072878,0.0563208010882363,low,254,254,669.5445538057743,689.5249343832021,0.4448108164633335,0.4030172781811044,0.9959835288929676
SUFFOLK,2012,283,163548,283,163548,0.27889225181598054,0.06007263662923155,low,252,252,671.7952380952381,691.3776455026455,0.49771678556455184,0.422074934469371,1
SUFFOLK,2013,274,160890,274,160890,0.30745932003232024,0.06328306601872039,low,244,244,305.19330601092895,303.8408469945355,0.4161885205583384,0.27707667109700074,1
SUFFOLK,2014,282,161481,282,161481,0.32032164774803235,0.06693802141200889,low,250,251,300.8147333333333,305.6776892430279,0.24873220672303403,0.1716887457986566,1
SUFFOLK,2015,281,161619,281,161619,0.35860647572377,0.06878304059017978,low,245,244,301.16816326530613,307.03572404371585,0.23677662962490345,0.16714425549727197,1
SUFFOLK,2016,278,156732,278,156732,0.3852205675930889,0.07108795631887753,low,244,244,306.5372950819672,307.6212431693989,0.17736812822947542,0.1669567259535447,1
SULLIVAN,2009,14,6481,14,6481,0.48693565807745726,0.14071966703545652,high,13,13,666.5128205128206,679.9487179487179,-0.21723966540188874,-0.31410939776383623,1
SULLIVAN,2010,14,6830,14,6830,0.49999560761346995,0.16051529790660227,high,13,13,664.1987179487179,678.8782051282051,-0.33332949688916197,-0.3486202570226641,1
SULLIVAN,2011,13,7280,13,7280,0.450923076923077,0.16176034453857363,high,13,13,661.3076923076923,676.8910256410256,-0.37402806791260235,-0.47872870130791517,1
SULLIVAN,2012,12,6059,12,6059,0.5381911206469715,0.16623997931212828,high,12,12,662.6041666666666,677.0069444444445,-0.4112304788750315,-0.5570113462158092,1
SULLIVAN,2013,12,6286,12,6286,0.5422017181037226,0.17621282443539815,high,12,12,291.24305555555554,289.71527777777777,-0.49417914937558316,-0.5602606632360339,1
SULLIVAN,2014,12,6178,12,6178,0.5251311103917125,0.17356812152109452,high,12,12,288.3541666666667,296.30555555555554,-0.5473905202749305,-0.3391839978027643,1
SULLIVAN,2015,12,6284,12,6284,0.5406779121578613,0.16858378095113324,high,12,12,287.8611111111111,296.78472222222223,-0.5573819208378232,-0.3590685817772763,1
SULLIVAN,2016,12,6174,12,6174,0.5185973436993846,0.16459152180221057,high,12,12,293.0763888888889,296.78472222222223,-0.6499876505989041,-0.36571130368730614,1
TIOGA,2009,15,5357,15,5357,0.41753220085868964,0.09885440864057816,low,15,15,671.3777777777777,688.6166666666667,0.14417055449777946,0.20719931168367592,1
TIOGA,2010,15,5266,15,5266,0.45917964299278397,0.095100920645425,low,15,15,670.8888888888889,687.9055555555556,0.2161961591361255,0.23156108780730297,1
TIOGA,2011,15,5211,15,5211,0.46498944540395315,0.0936494628268372,low,15,15,665.4222222222222,685.0833333333334,0.03500358640495755,0.09302898016991289,1
TIOGA,2012,13,4650,13,4650,0.469341935483871,0.08719916971821333,low,12,12,665.375,683.7916666666666,-0.1372100452265459,-0.09476330284379034,1
TIOGA,2013,14,5304,14,5304,0.4810539215686274,0.0925200338656008,low,13,13,293.45512820512823,297.03205128205127,-0.34982335948076254,-0.12653600917262744,1
TIOGA,2014,14,5232,14,5232,0.5140194954128441,0.09384908053265696,low,13,13,293.5705128205128,303.0705128205128,-0.21411099647328327,0.029572188732937536,1
TIOGA,2015,14,5334,14,5334,0.5350749906261718,0.09563935536564472,low,13,13,292.2948717948718,304.7564102564103,-0.29277718968374894,0.05014064980653445,1
TIOGA,2016,14,5272,14,5272,0.5528072837632777,0.10886422687264598,low,13,13,297.1153846153846,304.12820512820514,-0.4017364253806734,-0.004743185847759922,1
TOMPKINS,2009,24,8222,24,8222,0.3775042568718074,0.17717705775329828,high,22,22,672.6287878787879,682.2575757575758,0.2371061777887558,-0.17524982166353803,1
TOMPKINS,2010,24,8067,24,8067,0.40220528077352186,0.1636087146662426,high,23,23,670.427536231884,681.7572463768116,0.17830099565423144,-0.16358633850137871,1
TOMPKINS,2011,24,8030,24,8030,0.37207970112079697,0.176467094909584,high,23,23,666.0398550724638,681.7355072463768,0.09640340406165834,-0.14062255653525405,1
TOMPKINS,2012,23,7553,23,7553,0.3744445915530253,0.1738210101407896,high,23,23,668.8514492753624,684.8405797101449,0.2065919895373912,-0.023300096814935795,1
TOMPKINS,2013,23,7806,23,7806,0.3826172175249809,0.17790163293243377,high,23,23,301.21014492753625,304.463768115942,0.15625475907787795,0.31400227057510766,1
TOMPKINS,2014,23,7728,23,7728,0.37290243271221535,0.17869915389759544,high,23,23,298.9492753623188,305.5108695652174,0.12954553353929818,0.16259544545407545,1
TOMPKINS,2015,23,7855,23,7855,0.4235951623169955,0.17858552789947524,high,23,23,296.7173913043478,307.2028985507246,-0.028843326470369555,0.17572579447121114,1
TOMPKINS,2016,23,7916,23,7916,0.4358880747852451,0.1739076226646718,high,23,23,302.036231884058,306.2826086956522,-0.09928342808081568,0.10115629138457329,1
ULSTER,2009,42,16750,42,16750,0.34511940298507465,0.11155308247479476,medium,37,37,670.2049549549549,682.3783783783783,0.057043344285076535,-0.16798449737544147,1
ULSTER,2010,42,16556,42,16556,0.36827736168156566,0.10727533345734262,low,36,36,667.3657407407408,681.4722222222222,-0.07319260457398619,-0.18190463672736482,1
ULSTER,2011,42,16128,42,16128,0.3660162450396825,0.11637020414865087,medium,37,37,664.6959459459459,680.9324324324324,-0.0371966388814882,-0.19667076796964847,1
ULSTER,2012,40,15711,40,15711,0.39684806823244856,0.12335356900216968,medium,37,37,666.5990990990991,681.5675675675676,-0.016153263525305224,-0.2462927867564419,1
ULSTER,2013,38,15323,38,15323,0.3863538471578673,0.12004217787199456,low,35,35,297.82619047619045,294.12380952380954,-0.06457588040698839,-0.2989311434199057,1
ULSTER,2014,33,15166,33,15166,0.4234432282737701,0.1177601074901706,low,32,32,293.7317708333333,297.8411458333333,-0.20380800044178082,-0.255479342660614,1
ULSTER,2015,33,14967,33,14967,0.4603240462350505,0.1229453943739658,low,32,32,290.0104166666667,299.8203125,-0.42911238640427884,-0.2032431706917739,1
ULSTER,2016,33,14853,33,14853,0.4705406315222515,0.12453948644081882,medium,32,32,295.0052083333333,299.7291666666667,-0.5314354602197576,-0.22097745153544912,1
WARREN,2009,16,6858,16,6858,0.28799795858850985,0.09896110612536696,low,15,15,674.1111111111111,689.3888888888889,0.34722569912868845,0.2536423841074622,1
WARREN,2010,16,6834,16,6834,0.30743049458589405,0.09752385590576348,low,15,15,673.6444444444444,687.3000000000001,0.4425354392415897,0.1926424660678575,1
WARREN,2011,16,6740,16,6740,0.33113353115727007,0.1046421457569906,low,15,15,669.1333333333333,686.6388888888889,0.40393076609894524,0.20159434065918247,1
WARREN,2012,15,6383,15,6383,0.33096819677267747,0.1091476407914764,low,14,14,670.8214285714286,687.25,0.4014122894423353,0.1408554541667171,1
WARREN,2013,14,6187,14,6187,0.3754048812025214,0.10764820687972676,low,14,14,304.61309523809524,299.73214285714283,0.3783250333740103,0.03352037137025926,1
WARREN,2014,14,6092,14,6092,0.37939100459619174,0.11760567688260842,low,14,14,299.25,303.4642857142857,0.14875924388095232,0.051036654062377736,1
WARREN,2015,15,6345,15,6345,0.4160141843971631,0.11790426511199754,low,14,14,299.8154761904762,307.26190476190476,0.15604890765246424,0.17875474972286398,1
WARREN,2016,14,6216,14,6216,0.41211068211068214,0.10905701653032614,low,14,14,307.4702380952381,308.6190476190476,0.2347101661484478,0.21600369709419717,1
WASHINGTON,2009,14,5806,14,5806,0.38435411643127804,0.11157699324648722,medium,14,14,671.297619047619,683.7440476190476,0.1382156852737023,-0.0858502701722701,1
WASHINGTON,2010,15,5868,15,5868,0.40711315610088616,0.10805541465888915,low,14,14,670.1488095238095,683.6785714285714,0.15540659153867503,-0.04010415384969742,1
WASHINGTON,2011,15,5893,15,5893,0.4045664347530969,0.11210308038116946,low,13,13,667.2692307692307,683.4166666666666,0.21861750517941791,-0.023291048925732544,1
WASHINGTON,2012,15,5592,15,5592,0.45727288984263237,0.11917664955314698,medium,13,13,666.9294871794872,684.0512820512821,0.01652033108289875,-0.077075518489897,1
WASHINGTON,2013,14,5577,14,5577,0.4550188273265197,0.12478454069611146,medium,13,13,299.1794871794872,296.3269230769231,0.023737771770842686,-0.16833469088130096,1
WASHINGTON,2014,14,5452,14,5452,0.39070432868672045,0.12335081862978858,medium,14,14,296.7738095238095,301.94642857142856,-0.00944796829541882,-0.03170137217842962,1
WASHINGTON,2015,15,5605,15,5605,0.4816966993755574,0.1276555023923445,medium,15,15,295.3722222222222,304.1277777777778,-0.10912237820996688,0.01787117156973023,1
WASHINGTON,2016,15,5193,15,5193,0.5145561332563066,0.122100376210678,low,14,15,301.20238095238096,303.27777777777777,-0.15053490974994438,-0.04654585141847038,1
WAYNE,2009,28,10323,28,10323,0.4047127772934226,0.10781382967116893,low,24,24,669.6458333333334,682.1111111111111,0.015507055841913479,-0.18405851427498277,1
WAYNE,2010,27,10054,27,10054,0.40139347523373786,0.10895423580413008,medium,22,22,668.2007575757576,683.1060606060606,-0.004604943935967586,-0.07689901426939251,1
WAYNE,2011,27,9907,27,9907,0.4104754214191985,0.10880292220275986,low,22,22,665.8333333333334,683.0795454545455,0.07587276499381351,-0.046819418447352205,1
WAYNE,2012,25,9465,25,9465,0.43592498679344954,0.11073430613205527,low,21,21,667.1507936507936,684.218253968254,0.03840634440137709,-0.06569960074553523,1
WAYNE,2013,25,9415,25,9415,0.41883483802442906,0.11124817643525273,low,21,21,297.3412698412698,298.75,-0.0962209085681519,-0.024699221009678377,1
WAYNE,2014,26,9799,26,9799,0.4593897336462905,0.11762679384628635,low,22,22,294.17424242424244,299.6098484848485,-0.1755378824770811,-0.15906778833094573,1
WAYNE,2015,26,9982,26,9982,0.49584251652975364,0.12488097299168976,medium,22,22,292.57954545454544,302.5151515151515,-0.27578800092115124,-0.06490948303329203,1
WAYNE,2016,26,9845,26,9845,0.5098415439309294,0.11712780547271263,low,22,22,298.0719696969697,300.1098484848485,-0.3429412607878616,-0.20226507742576408,1
WESTCHESTER,2009,197,102348,197,102348,0.297768104897018,0.07698751382961909,low,179,179,675.1662942271881,688.7099627560522,0.4256136358044583,0.21281033518377268,1
WESTCHESTER,2010,197,103617,197,103617,0.31663269540712424,0.0804103869892251,low,179,179,673.2298882681564,687.1712290502793,0.4084841038166407,0.1843664493799901,1
WESTCHESTER,2011,194,104551,194,104551,0.3280410517355166,0.0868616223051335,low,177,177,668.5015065913371,686.5028248587571,0.34111991215226206,0.19209815749289935,1
WESTCHESTER,2012,191,100856,191,100856,0.32898796303640854,0.09054362799625772,low,175,175,671.355619047619,690.3409523809523,0.4542408389532896,0.3514442805701875,1
WESTCHESTER,2013,189,103781,189,103781,0.34936683978762983,0.09219969402363108,low,175,175,305.99942857142855,304.95209523809524,0.46879459522565875,0.34294938941129577,1
WESTCHESTER,2014,199,104883,199,104883,0.35582715978757273,0.09332975863513036,low,180,178,300.9819444444444,307.248127340824,0.25941555438476194,0.25729294719302026,1
WESTCHESTER,2015,196,106296,194,106296,0.3847980168585839,0.09381845624227889,low,179,179,301.402886405959,307.3524208566108,0.25078479514353114,0.18340119617206913,1
WESTCHESTER,2016,199,105793,199,105793,0.3944972729764731,0.0955398569378341,low,179,178,307.4005586592179,308.1686329588015,0.23042741703557784,0.19386361258144952,1
WYOMING,2009,8,2557,8,2557,0.35763003519749703,0.0931611669057867,low,8,8,673.8020833333334,690.6458333333334,0.32426849908784716,0.3292376728548115,1
WYOMING,2010,8,2529,8,2529,0.39388295769078685,0.096797035428517475,low,8,8,672.1875,689.5520833333334,0.3228631081777631,0.3373822485231593,1
WYOMING,2011,8,2433,8,2433,0.35505137690094535,0.09087464178291452,low,8,8,668.4479166666666,691.03125,0.3357924565259725,0.5081460840049988,1
WYOMING,2012,8,2275,8,2275,0.3817098901098901,0.09481611707687922,low,8,8,669.3854166666666,689.5833333333334,0.25939847715941955,0.2998271456436857,1
WYOMING,2013,8,2308,8,2308,0.422157712305026,0.0949359540109248,low,8,8,300.6354166666667,304.96875,0.1187490505340239,0.34393665255965394,1
WYOMING,2014,8,2173,8,2173,0.3831293143120111,0.09263657957244656,low,8,8,300.9270833333333,310.03125,0.25591040260857834,0.40900029112187175,1
WYOMING,2015,7,2133,7,2133,0.41960618846694797,0.10676542971577474,low,7,7,293.3095238095238,311.64285714285717,-0.23222323950432486,0.40364139226662105,1
WYOMING,2016,6,2085,6,2085,0.45658992805755394,0.10456121632435315,low,6,6,302.34722222222223,310.56944444444446,-0.08016884175584063,0.31187524471230754,1
YATES,2009,3,1632,3,1632,0.5297181372549019,0.12146293729103808,medium,3,3,668.4166666666666,676.75,-0.07580585218570624,-0.5064870386559438,1
YATES,2010,3,1582,3,1582,0.5484702907711757,0.1379009900990099,high,3,3,665.3888888888889,678,-0.2355697426872799,-0.40506187147189615,1
YATES,2011,3,1544,3,1544,0.5482901554404145,0.1465551258779891,high,3,3,664.0277777777778,679.7777777777778,-0.103620249078859,-0.2772564457845587,1
YATES,2012,3,1413,3,1413,0.5378131634819533,0.15174943789199638,high,3,3,663.6666666666666,676.5555555555555,-0.3061549742429064,-0.5877647984360578,1
YATES,2013,3,1394,3,1394,0.5805380200860832,0.15091131933736607,high,3,3,292.55555555555554,291.94444444444446,-0.4085278149704708,-0.428119830834297,1
YATES,2014,3,1280,3,1280,0.56021875,0.1465923025196788,medium,3,3,291.44444444444446,299.05555555555554,-0.34994842655321773,-0.18928216202530093,1
YATES,2015,3,1370,3,1370,0.5873065693430658,0.13681661174415374,medium,3,3,285.5833333333333,301.44444444444446,-0.6933186164572173,-0.11987189698832025,1
YATES,2016,3,1364,3,1364,0.5710997067448681,0.1321994742292679,medium,3,3,295.61111111111114,303.22222222222223,-0.49419449312495733,-0.049276678817562716,1
